Année publication;;Code département;Nom département;Code région;Nom région;;Nombre  d'habitants;Densité de population au km²;Variation de la population sur 10 ans (en %);Dont contribution du solde naturel (en %);Dont contribution du solde migratoire (en %);% population de moins de 20 ans;% population de 60 ans et plus;Taux de chômage au T4 (en %);Taux de pauvreté* (en %);;Nombre de logements;Taux de logements sociaux* (en %);Taux de logements vacants* (en %)
2021;;971;Guadeloupe;1;GUADELOUPE;;379707;233.0;-5.862825551;4.333155657;-10.19598121;24.0;27.0;19.4;;;229421;21.53016027;15.24314298
2021;;69;Rhône;84;AUVERGNE-RHÔNE-ALPES;;1882578;579.0;9.123759475;7.824762329;1.298997146;25.0;22.0;7.3;14.2;;926575;21.17773255;7.337240478
2021;;50;Manche;28;NORMANDIE;;492896;83.0;-1.173139889;-1.462865942;0.289726053;21.0;32.0;5.8;12.0;;298631;16.51812764;8.369987185
2021;;37;Indre-et-Loire;24;CENTRE-VAL DE LOIRE;;608781;99.0;3.093232179;1.759989162;1.333243017;23.0;28.0;6.9;13.0;;325171;17.98995741;8.644028521
2021;;974;La Réunion;4;LA RÉUNION;;856858;342.0;4.350314686;11.40821983;-7.057905146;29.0;18.0;17.4;38.9;;376047;23.22986834;8.706585291
2021;;16;Charente;75;NOUVELLE-AQUITAINE;;349878;58.0;-0.48325118;-2.115041655;1.631790475;20.0;33.0;7.5;15.0;;198241;9.763499372;10.59128783
2021;;10;Aube;44;GRAND EST;;310161;51.0;2.253014074;1.026944519;1.226069555;24.0;28.0;10.0;16.2;;165501;22.67918048;9.519184747
2021;;24;Dordogne;75;NOUVELLE-AQUITAINE;;411528;45.0;-0.632864018;-4.925763433;4.292899415;18.0;37.0;7.9;16.3;;260245;7.277342005;10.3102484
2021;;89;Yonne;27;BOURGOGNE-FRANCHE-COMTÉ;;334626;45.0;-2.301830603;-1.570757058;-0.731073545;22.0;32.0;6.9;14.5;;197683;13.58227599;11.79174592
2021;;31;Haute-Garonne;76;OCCITANIE;;1409629;223.0;13.34693855;5.667069516;7.67986903;24.0;22.0;8.2;13.3;;728248;14.24492415;7.262737739
2021;;5;Hautes-Alpes;93;PROVENCE-ALPES-CÔTE D'AZUR;;140349;25.0;2.466215476;-0.118273211;2.584488687;21.0;32.0;7.5;13.9;;136581;12.00091136;5.83629262
2021;;87;Haute-Vienne;75;NOUVELLE-AQUITAINE;;371228;67.0;-1.319276644;-1.219859061;-0.099417583;21.0;32.0;7.2;15.5;;220762;14.37094725;9.679450134
2021;;48;Lozère;76;OCCITANIE;;76573;14.0;-0.660335746;-4.0489349;3.388599154;20.0;33.0;4.7;14.5;;61340;8.220829836;10.43772571
2021;;79;Deux-Sèvres;75;NOUVELLE-AQUITAINE;;374608;62.0;1.445554743;-0.470387521;1.915942264;22.0;30.0;5.6;12.3;;195050;9.326515479;9.127364362
2021;;93;Seine-Saint-Denis;11;ÎLE-DE-FRANCE;;1657893;7024.0;8.925145593;13.26410205;-4.338956459;29.0;16.0;11.1;28.4;;679663;36.55172264;5.906682372
2021;;4;Alpes-de-Haute-Provence;93;PROVENCE-ALPES-CÔTE D'AZUR;;165232;23.0;3.173919288;-1.867011346;5.040930633;20.0;34.0;9.0;16.8;;129062;9.66068865;8.349224392
2021;;972;Martinique;2;MARTINIQUE;;359821;318.0;-8.714955109;2.561819303;-11.27677441;21.0;30.0;14.9;29.8;;213707;20.31135561;15.43069426
2021;;21;Côte-d'Or;27;BOURGOGNE-FRANCHE-COMTÉ;;532576;60.0;1.567249856;1.626179061;-0.058929205;22.0;27.0;6.0;11.2;;290523;14.80710445;8.439102437
2021;;76;Seine-Maritime;28;NORMANDIE;;1252833;199.0;0.193696313;2.751335361;-2.557639048;24.0;26.0;8.8;14.9;;645785;25.9709166;8.086226853
2021;;19;Corrèze;75;NOUVELLE-AQUITAINE;;239470;40.0;-1.675624407;-4.569063564;2.893439156;20.0;35.0;6.4;13.1;;154656;8.608516929;11.05178702
2021;;32;Gers;76;OCCITANIE;;191322;30.0;1.68102509;-4.246940088;5.927965178;19.0;35.0;6.1;14.9;;111171;6.491954277;10.57290433
2021;;81;Tarn;76;OCCITANIE;;389012;67.0;3.631796131;-1.384733829;5.01652996;21.0;32.0;8.0;15.6;;212905;8.665243405;9.169885418
2021;;35;Ille-et-Vilaine;53;BRETAGNE;;1085753;160.0;9.878458518;4.266804299;5.611654219;25.0;23.0;6.3;10.5;;554254;15.39698827;6.693305587
2021;;70;Haute-Saône;27;BOURGOGNE-FRANCHE-COMTÉ;;234567;43.0;-2.079332743;-0.074306611;-2.005026133;22.0;30.0;6.8;13.2;;128333;10.57335365;10.78263432
2021;;49;Maine-et-Loire;52;PAYS DE LA LOIRE;;818345;114.0;4.273008754;3.518431213;0.754577541;25.0;26.0;7.2;11.4;;397886;18.53851655;6.810587697
2021;;11;Aude;76;OCCITANIE;;376059;61.0;5.496160935;-1.901157751;7.397318686;21.0;33.0;10.4;20.7;;263889;10.25966087;8.540245321
2021;;71;Saône-et-Loire;27;BOURGOGNE-FRANCHE-COMTÉ;;549364;64.0;-1.133600762;-1.736664129;0.603063368;21.0;33.0;6.7;13.1;;311498;16.6549607;10.30037571
2021;;78;Yvelines;11;ÎLE-DE-FRANCE;;1449520;634.0;2.892959436;7.451846121;-4.558886684;26.0;22.0;6.7;9.7;;643946;21.66630916;6.342942213
2021;;65;Hautes-Pyrénées;76;OCCITANIE;;229205;51.0;-0.11025983;-3.336122515;3.225862685;19.0;34.0;8.8;15.4;;162729;11.55422928;9.536909621
2021;;36;Indre;24;CENTRE-VAL DE LOIRE;;218129;32.0;-5.643751947;-4.672197806;-0.971554141;19.0;36.0;7.5;14.5;;138879;16.58857541;13.3314328
2021;;42;Loire;84;AUVERGNE-RHÔNE-ALPES;;765546;160.0;2.216311702;2.021905422;0.19440628;24.0;28.0;7.8;15.0;;399133;17.56860806;10.35411307
2021;;28;Eure-et-Loir;24;CENTRE-VAL DE LOIRE;;429641;73.0;0.165060744;2.830745128;-2.665684384;24.0;27.0;7.2;12.0;;216684;17.46108927;8.628327167
2021;;33;Gironde;75;NOUVELLE-AQUITAINE;;1636085;152.0;12.89223009;2.955262913;9.936967179;23.0;25.0;7.5;12.6;;872327;14.40537145;6.222187736
2021;;973;Guyane;3;GUYANE;;288086;3.0;25.77977646;26.98262312;-1.202846664;41.0;9.0;17.8;;;91566;23.63217039;9.985090285
2021;;55;Meuse;44;GRAND EST;;181387;29.0;-6.464421446;-0.640460389;-5.823961057;22.0;30.0;7.3;14.5;;99893;12.17829156;12.09737229
2021;;40;Landes;75;NOUVELLE-AQUITAINE;;414728;44.0;7.912156536;-1.533878018;9.446034555;20.0;32.0;7.6;11.8;;259512;7.212653547;6.641283517
2021;;52;Haute-Marne;44;GRAND EST;;170339;27.0;-7.444074354;-1.822983172;-5.621091182;20.0;32.0;6.7;14.9;;100617;19.61250311;11.70041428
2021;;64;Pyrénées-Atlantiques;75;NOUVELLE-AQUITAINE;;685441;89.0;4.885274248;-1.031039838;5.916314086;21.0;31.0;6.6;12.3;;409790;11.47280357;8.137531874
2021;;18;Cher;24;CENTRE-VAL DE LOIRE;;299153;41.0;-3.888747884;-2.30067115;-1.588076734;20.0;33.0;7.7;14.3;;179125;14.696875;12.92724698
2021;;75;Paris;11;ÎLE-DE-FRANCE;;2154092;20515.0;-3.99945094;6.60681967;-10.60627061;18.0;22.0;6.8;15.2;;1386846;20.42468269;8.484438598
2021;;34;Hérault;76;OCCITANIE;;1184031;194.0;13.35234616;2.591909688;10.76043647;22.0;27.0;11.0;19.7;;729652;12.05375824;7.315635832
2021;;73;Savoie;84;AUVERGNE-RHÔNE-ALPES;;436834;72.0;5.271605147;2.679300847;2.5923043;22.0;27.0;6.6;10.0;;349226;17.54783813;6.032661523
2021;;3;Allier;84;AUVERGNE-RHÔNE-ALPES;;333847;45.0;-2.642399711;-3.73044665;1.08804694;20.0;35.0;8.4;15.5;;208375;12.53946948;14.62894722
2021;;86;Vienne;75;NOUVELLE-AQUITAINE;;438390;62.0;2.621063547;0.773889085;1.847174462;23.0;28.0;6.3;14.3;;241950;12.51905783;9.617560485
2021;;41;Loir-et-Cher;24;CENTRE-VAL DE LOIRE;;327835;51.0;-0.679837251;-0.875850933;0.196013682;22.0;32.0;6.2;12.6;;184614;14.33389834;10.84752869
2021;;94;Val-de-Marne;11;ÎLE-DE-FRANCE;;1411786;5762.0;6.33064504;9.418617613;-3.087972573;25.0;20.0;7.8;16.6;;640016;30.04502192;5.659671361
2021;;27;Eure;28;NORMANDIE;;596993;98.0;1.781625559;3.05348457;-1.271859011;25.0;26.0;8.0;12.5;;297286;16.71507012;8.278638988
2021;;95;Val-d'Oise;11;ÎLE-DE-FRANCE;;1253568;1006.0;7.036351108;10.61596143;-3.579610318;28.0;19.0;8.9;17.2;;510302;26.56975654;5.916239135
2021;;74;Haute-Savoie;84;AUVERGNE-RHÔNE-ALPES;;831867;189.0;12.70566653;6.114988999;6.590677534;24.0;22.0;6.6;8.9;;517217;13.60733904;6.221120212
2021;;15;Cantal;84;AUVERGNE-RHÔNE-ALPES;;143821;25.0;-2.929901054;-5.836854254;2.9069532;18.0;36.0;4.5;13.0;;101693;8.999956001;11.93898109
2021;;83;Var;93;PROVENCE-ALPES-CÔTE D'AZUR;;1079043;180.0;7.0284859;-0.425121233;7.453607133;20.0;33.0;8.2;15.6;;722127;10.52190098;6.135267659
2021;;61;Orne;28;NORMANDIE;;277400;45.0;-4.883384423;-1.968509337;-2.914875087;21.0;34.0;7.3;15.4;;165463;16.26568493;11.24865071
2021;;7;Ardèche;84;AUVERGNE-RHÔNE-ALPES;;327740;59.0;4.014725951;-1.302802374;5.317528325;21.0;32.0;8.4;14.4;;204906;9.220931224;9.734526097
2021;;77;Seine-et-Marne;11;ÎLE-DE-FRANCE;;1426334;241.0;7.658818068;7.833703811;-0.174885743;27.0;20.0;7.3;11.8;;619783;19.17480712;6.774690619
2021;;30;Gard;76;OCCITANIE;;749136;127.0;5.556714105;1.392701141;4.164012963;22.0;30.0;10.6;19.8;;428087;12.41196841;8.410308065
2021;;80;Somme;32;HAUTS-DE-FRANCE;;568750;92.0;-0.348844747;1.321965655;-1.670810403;24.0;26.0;9.1;16.4;;301740;16.65805884;8.400241967
2021;;38;Isère;84;AUVERGNE-RHÔNE-ALPES;;1269323;170.0;5.218033545;5.135554977;0.082478568;25.0;24.0;6.6;11.3;;653289;16.4417855;7.702555331
2021;;12;Aveyron;76;OCCITANIE;;279334;31.0;0.913639566;-3.531005582;4.444645147;20.0;35.0;6.0;14.0;;182027;6.600812301;10.83432142
2021;;68;Haut-Rhin;44;GRAND EST;;765130;217.0;2.046994993;2.707853749;-0.660858756;23.0;27.0;8.0;12.9;;380237;15.039204;8.967768984
2021;;66;Pyrénées-Orientales;76;OCCITANIE;;478983;116.0;6.786417356;-1.606534936;8.392952292;21.0;33.0;12.2;21.0;;352741;11.07309015;8.162977461
2021;;57;Moselle;44;GRAND EST;;1041009;167.0;-0.388205147;1.363358869;-1.751564016;22.0;27.0;7.7;15.3;;518771;17.03250489;9.150402052
2021;;8;Ardennes;44;GRAND EST;;267496;51.0;-5.561871139;0.082612533;-5.644483672;22.0;29.0;9.5;18.9;;143015;19.94017069;11.43152571
2021;;62;Pas-de-Calais;32;HAUTS-DE-FRANCE;;1459364;218.0;-0.138430135;2.319645652;-2.458075787;25.0;25.0;9.0;19.3;;717901;26.12902951;7.620728612
2021;;91;Essonne;11;ÎLE-DE-FRANCE;;1309566;725.0;7.753056758;9.022660326;-1.269603568;27.0;20.0;7.0;13.1;;564587;24.06123665;6.478593138
2021;;84;Vaucluse;93;PROVENCE-ALPES-CÔTE D'AZUR;;560425;157.0;3.189070253;2.838493477;0.350576776;23.0;29.0;10.1;20.0;;305436;14.17459003;10.09375927
2021;;56;Morbihan;53;BRETAGNE;;760313;111.0;5.356561358;-0.980659787;6.337221145;22.0;32.0;6.6;11.2;;468872;10.73202307;7.276656108
2021;;51;Marne;44;GRAND EST;;563834;69.0;-0.260566383;2.732143773;-2.992710156;24.0;26.0;7.6;14.4;;295610;28.33920774;8.993290325
2021;;14;Calvados;28;NORMANDIE;;693310;124.0;1.49391382;1.152092284;0.341821535;23.0;28.0;7.2;12.4;;419713;18.82335425;6.814230658
2021;;47;Lot-et-Garonne;75;NOUVELLE-AQUITAINE;;330756;61.0;-0.110834947;-1.887818122;1.776983175;21.0;33.0;7.9;17.0;;186511;7.352312427;11.48945116
2021;;2A;Corse-du-Sud;94;CORSE;;161208;40.0;12.26183844;-0.520891365;12.78272981;20.0;31.0;6.6;16.1;;120566;9.019029412;2.746733078
2021;;90;Territoire de Belfort;27;BOURGOGNE-FRANCHE-COMTÉ;;139866;229.0;-2.130696727;2.596721036;-4.727417764;23.0;27.0;8.6;14.5;;72929;22.03880082;9.789138878
2021;;25;Doubs;27;BOURGOGNE-FRANCHE-COMTÉ;;542997;103.0;2.885158308;3.935615893;-1.050457586;24.0;25.0;7.2;12.1;;282055;15.33140346;8.521194155
2021;;17;Charente-Maritime;75;NOUVELLE-AQUITAINE;;650757;94.0;4.569009984;-2.959556372;7.528566355;20.0;35.0;8.0;12.8;;436869;9.560634655;7.14797207
2021;;60;Oise;32;HAUTS-DE-FRANCE;;829408;141.0;3.21219022;4.948885944;-1.736695724;26.0;23.0;8.0;12.9;;376184;19.83233953;7.11826893
2021;;63;Puy-de-Dôme;84;AUVERGNE-RHÔNE-ALPES;;666274;83.0;5.371249274;0.722903761;4.648345514;22.0;28.0;6.8;13.2;;389711;13.90343077;10.35923367
2021;;26;Drôme;84;AUVERGNE-RHÔNE-ALPES;;520531;79.0;7.389084307;2.529733967;4.85935034;24.0;28.0;8.5;14.8;;275726;12.52170787;8.630781086
2021;;85;Vendée;52;PAYS DE LA LOIRE;;687477;102.0;8.301957535;0.184158871;8.117798663;22.0;32.0;6.2;9.2;;426425;7.948500968;5.121445899
2021;;45;Loiret;24;CENTRE-VAL DE LOIRE;;682187;100.0;3.975278347;3.54104907;0.434229277;25.0;26.0;7.2;13.2;;347107;17.13193527;9.15307836
2021;;13;Bouches-du-Rhône;93;PROVENCE-ALPES-CÔTE D'AZUR;;2044355;401.0;3.668171386;4.365071718;-0.696900333;23.0;26.0;9.2;18.7;;1034043;17.66029013;7.551417364
2021;;44;Loire-Atlantique;52;PAYS DE LA LOIRE;;1442940;211.0;12.54925697;4.426965521;8.122291452;25.0;24.0;6.7;10.3;;752968;14.42412436;5.576468425
2021;;9;Ariège;76;OCCITANIE;;153113;31.0;0.707060077;-3.136715821;3.843775898;20.0;34.0;9.9;18.0;;110222;4.998280385;9.709192488
2021;;54;Meurthe-et-Moselle;44;GRAND EST;;731533;139.0;-0.092050472;1.893590201;-1.985640673;23.0;26.0;7.5;15.4;;378055;15.84957576;9.30029085
2021;;23;Creuse;75;NOUVELLE-AQUITAINE;;115555;20.0;-6.074990449;-8.593095937;2.518105487;17.0;39.0;7.0;18.7;;88727;9.645514458;15.4705554
2021;;58;Nièvre;27;BOURGOGNE-FRANCHE-COMTÉ;;201755;29.0;-8.11944404;-5.496757505;-2.622686535;19.0;38.0;6.2;15.7;;141622;13.43812123;13.7740513
2021;;2;Aisne;32;HAUTS-DE-FRANCE;;528471;71.0;-2.226979064;1.227548898;-3.454527963;24.0;27.0;11.0;18.4;;266640;17.57454758;9.75515112
2021;;72;Sarthe;52;PAYS DE LA LOIRE;;563536;90.0;0.003194219;1.505187057;-1.501992838;24.0;29.0;7.7;13.1;;292627;15.57162801;9.216281317
2021;;82;Tarn-et-Garonne;76;OCCITANIE;;261307;70.0;8.113017071;0.975597647;7.137419424;24.0;29.0;9.2;17.0;;132602;7.763833999;9.884889238
2021;;29;Finistère;53;BRETAGNE;;913187;135.0;1.733346108;-1.318474914;3.051821022;22.0;30.0;6.6;10.6;;545808;11.14516072;7.539038159
2021;;46;Lot;76;OCCITANIE;;174146;33.0;-0.24745386;-4.910126133;4.662672273;18.0;38.0;7.8;15.0;;118998;6.253826625;10.79003173
2021;;22;Côtes-d'Armor;53;BRETAGNE;;599271;87.0;1.289633409;-2.411259531;3.70089294;22.0;33.0;6.8;11.7;;369601;8.327387155;8.78638951
2021;;59;Nord;32;HAUTS-DE-FRANCE;;2601802;453.0;0.971448752;4.726964378;-3.755515626;26.0;23.0;9.8;19.1;;1224589;24.45084854;7.650652556
2021;;2B;Haute-Corse;94;CORSE;;184659;39.0;12.32022522;-0.341749218;12.66197443;20.0;29.0;7.3;20.6;;132077;10.70406931;3.390629429
2021;;92;Hauts-de-Seine;11;ÎLE-DE-FRANCE;;1628798;9254.0;3.580817684;9.008896718;-5.428079034;24.0;20.0;6.8;11.9;;801736;28.11196415;6.477672162
2021;;6;Alpes-Maritimes;93;PROVENCE-ALPES-CÔTE D'AZUR;;1088178;253.0;0.875938257;0.495305123;0.380633134;21.0;31.0;8.9;15.8;;772316;11.16507061;8.370714401
2021;;1;Ain;84;AUVERGNE-RHÔNE-ALPES;;657907;114.0;10.13926719;4.072715585;6.066551601;25.0;24.0;6.0;10.3;;317983;16.99179575;8.133067542
2021;;39;Jura;27;BOURGOGNE-FRANCHE-COMTÉ;;258766;51.0;-1.058370996;-0.409124626;-0.649246369;22.0;31.0;5.4;11.8;;150169;11.78791835;9.854960252
2021;;53;Mayenne;52;PAYS DE LA LOIRE;;306123;59.0;-0.069857706;1.631862948;-1.701720654;24.0;29.0;5.3;11.5;;157551;11.91440504;9.129872533
2021;;43;Haute-Loire;84;AUVERGNE-RHÔNE-ALPES;;227878;45.0;1.728525129;-1.684776301;3.413301429;22.0;32.0;6.1;12.1;;143699;8.046192773;12.40039062
2021;;88;Vosges;44;GRAND EST;;361749;61.0;-4.73370132;-1.624601026;-3.109100294;21.0;32.0;8.2;15.4;;214363;14.34885528;11.27300831
2021;;67;Bas-Rhin;44;GRAND EST;;1143364;240.0;4.330576099;3.426300637;0.904275462;22.0;25.0;6.9;13.7;;561561;13.73819896;7.832343736
;;;;;;;;;;;;;;;;;;;
;;;;;;;;;;;;;;;;;;;
;;;;;;;;;;;;;;;;;;;
;;;;;;;;;;;;;;;;;;;
;;;;;;;;;;;;;;;;;;;
;;;;;;;;;;;;;;;;;;;
;;;;;;;;;;;;;;;;;;;
;;;;;;;;;;;;;;;;;;;
;;;;;;;;;;;;;;;;;;;
;;;;;;;;;;;;;;;;;;;
2022;;13;Bouches-du-Rhône;93;PROVENCE-ALPES-CÔTE D'AZUR;;2056455;402.0;4.08;4.24;-0.17;24.0;27.0;9.1;17.9;;1044973;18.0;8.0
2022;;31;Haute-Garonne;76;OCCITANIE;;1434439;223.0;13.82;5.86;7.96;24.0;22.0;8.0;13.3;;740546;14.0;7.0
2022;;11;Aude;76;OCCITANIE;;378068;61.0;5.03;-2.7;7.73;21.0;34.0;10.5;20.0;;265167;10.0;8.0
2022;;22;Côtes-d'Armor;53;BRETAGNE;;600924;87.0;1.1;-3.24;4.34;22.0;34.0;6.8;12.1;;371643;8.0;9.0
2022;;4;Alpes-de-Haute-Provence;93;PROVENCE-ALPES-CÔTE D'AZUR;;165171;24.0;2.62;-2.72;5.33;21.0;35.0;9.1;16.6;;129690;10.0;8.0
2022;;45;Loiret;24;CENTRE-VAL DE LOIRE;;684609;101.0;3.79;3.35;0.44;25.0;27.0;7.2;13.2;;348977;17.0;9.0
2022;;57;Moselle;44;GRAND EST;;1045213;167.0;0.01;0.76;-0.76;22.0;28.0;7.8;15.3;;523268;17.0;9.0
2022;;2B;Haute-Corse;94;CORSE;;185528;40.0;10.01;-0.77;10.78;20.0;30.0;7.3;20.1;;133540;11.0;3.0
2022;;1;Ain;84;AUVERGNE-RHÔNE-ALPES;;660875;114.0;9.45;4.0;5.45;26.0;24.0;5.9;10.5;;321432;17.0;8.0
2022;;12;Aveyron;76;OCCITANIE;;279997;32.0;1.52;-4.34;5.86;20.0;35.0;5.9;14.0;;182769;7.0;11.0
2022;;37;Indre-et-Loire;24;CENTRE-VAL DE LOIRE;;612237;99.0;3.13;1.43;1.69;23.0;29.0;6.8;12.4;;328095;18.0;9.0
2022;;73;Savoie;84;AUVERGNE-RHÔNE-ALPES;;439852;72.0;4.99;2.24;2.74;23.0;28.0;6.5;10.3;;352254;18.0;6.0
2022;;83;Var;93;PROVENCE-ALPES-CÔTE D'AZUR;;1090123;181.0;7.64;-1.04;8.68;21.0;34.0;8.2;15.3;;729223;11.0;6.0
2022;;78;Yvelines;11;ÎLE-DE-FRANCE;;1457875;635.0;3.13;7.68;-4.55;27.0;23.0;6.7;9.7;;649383;22.0;6.0
2022;;81;Tarn;76;OCCITANIE;;392053;68.0;3.81;-2.09;5.89;22.0;33.0;8.0;15.3;;214423;9.0;9.0
2022;;93;Seine-Saint-Denis;11;ÎLE-DE-FRANCE;;1668164;7025.0;9.04;13.99;-4.96;29.0;17.0;10.9;27.6;;687238;37.0;6.0
2022;;973;Guyane;3;GUYANE;;290528;3.0;22.3;29.57;-7.27;41.0;10.0;14.5;;;94768;23.612651593637636;11.0
2022;;44;Loire-Atlantique;52;PAYS DE LA LOIRE;;1461267;212.0;12.72;4.43;8.29;25.0;24.0;6.5;10.0;;764010;14.0;6.0
2022;;48;Lozère;76;OCCITANIE;;76604;15.0;-0.72;-5.01;4.29;20.0;34.0;4.9;14.9;;61547;8.0;10.0
2022;;36;Indre;24;CENTRE-VAL DE LOIRE;;216392;32.0;-5.99;-5.64;-0.35;20.0;36.0;7.4;14.6;;138826;17.0;13.0
2022;;63;Puy-de-Dôme;84;AUVERGNE-RHÔNE-ALPES;;669014;84.0;5.28;0.32;4.96;22.0;29.0;6.8;13.2;;392038;14.0;10.0
2022;;8;Ardennes;44;GRAND EST;;267127;51.0;-5.65;-0.65;-5.0;23.0;30.0;9.5;18.3;;142983;20.0;12.0
2022;;17;Charente-Maritime;75;NOUVELLE-AQUITAINE;;656951;95.0;5.0;-3.91;8.91;20.0;36.0;7.9;12.4;;440935;10.0;7.0
2022;;21;Côte-d'Or;27;BOURGOGNE-FRANCHE-COMTÉ;;534164;61.0;1.57;1.22;0.34;22.0;28.0;5.8;11.5;;292479;15.0;9.0
2022;;74;Haute-Savoie;84;AUVERGNE-RHÔNE-ALPES;;841639;190.0;12.67;6.28;6.39;25.0;23.0;6.5;9.4;;525404;14.0;6.0
2022;;51;Marne;44;GRAND EST;;563998;69.0;-0.45;2.43;-2.88;24.0;26.0;7.4;14.2;;297288;28.0;9.0
2022;;91;Essonne;11;ÎLE-DE-FRANCE;;1310435;726.0;6.96;9.5;-2.55;27.0;21.0;6.9;13.2;;570417;24.0;7.0
2022;;59;Nord;32;HAUTS-DE-FRANCE;;2607879;453.0;1.11;4.55;-3.43;26.0;24.0;9.8;18.4;;1232504;25.0;8.0
2022;;75;Paris;11;ÎLE-DE-FRANCE;;2147716;20515.0;-4.54;6.75;-11.3;19.0;23.0;6.4;15.4;;1389375;21.0;9.0
2022;;82;Tarn-et-Garonne;76;OCCITANIE;;262863;70.0;7.49;0.52;6.97;24.0;29.0;9.1;16.3;;133522;8.0;10.0
2022;;15;Cantal;84;AUVERGNE-RHÔNE-ALPES;;143790;25.0;-2.57;-6.95;4.39;19.0;37.0;4.3;13.2;;101953;9.0;12.0
2022;;77;Seine-et-Marne;11;ÎLE-DE-FRANCE;;1436063;241.0;7.29;8.07;-0.77;27.0;21.0;7.3;11.7;;626435;19.0;7.0
2022;;2;Aisne;32;HAUTS-DE-FRANCE;;526857;72.0;-2.67;0.55;-3.22;25.0;28.0;11.1;18.0;;266922;18.0;10.0
2022;;90;Territoire de Belfort;27;BOURGOGNE-FRANCHE-COMTÉ;;138931;230.0;-3.08;1.92;-5.0;24.0;27.0;9.0;14.8;;73180;22.0;10.0
2022;;52;Haute-Marne;44;GRAND EST;;168391;27.0;-7.67;-2.83;-4.84;21.0;33.0;6.5;15.0;;100382;20.0;12.0
2022;;32;Gers;76;OCCITANIE;;191910;31.0;1.6;-5.01;6.61;20.0;36.0;6.1;15.0;;111536;7.0;11.0
2022;;62;Pas-de-Calais;32;HAUTS-DE-FRANCE;;1460003;219.0;-0.19;1.84;-2.03;25.0;26.0;9.0;17.8;;720800;26.0;8.0
2022;;19;Corrèze;75;NOUVELLE-AQUITAINE;;239019;41.0;-1.42;-5.37;3.95;20.0;36.0;6.4;13.1;;155041;9.0;11.0
2022;;72;Sarthe;52;PAYS DE LA LOIRE;;565314;91.0;-0.07;0.98;-1.05;24.0;29.0;7.7;12.9;;293561;16.0;9.0
2022;;80;Somme;32;HAUTS-DE-FRANCE;;567745;92.0;-0.61;0.74;-1.35;24.0;27.0;9.1;15.7;;303449;17.0;8.0
2022;;88;Vosges;44;GRAND EST;;360241;62.0;-4.91;-2.61;-2.3;21.0;33.0;8.2;14.9;;214287;14.0;11.0
2022;;5;Hautes-Alpes;93;PROVENCE-ALPES-CÔTE D'AZUR;;141039;25.0;1.76;-0.81;2.57;21.0;33.0;7.8;13.9;;137644;12.0;6.0
2022;;49;Maine-et-Loire;52;PAYS DE LA LOIRE;;822488;114.0;4.07;3.26;0.8;25.0;27.0;7.0;11.1;;400508;18.0;7.0
2022;;35;Ille-et-Vilaine;53;BRETAGNE;;1098420;160.0;10.23;4.22;6.02;25.0;24.0;5.8;10.7;;561343;15.0;7.0
2022;;33;Gironde;75;NOUVELLE-AQUITAINE;;1661929;153.0;13.55;2.95;10.59;23.0;26.0;7.2;12.4;;886986;14.0;6.0
2022;;79;Deux-Sèvres;75;NOUVELLE-AQUITAINE;;374763;62.0;1.03;-1.23;2.26;23.0;31.0;5.6;11.9;;195568;9.0;9.0
2022;;87;Haute-Vienne;75;NOUVELLE-AQUITAINE;;370651;67.0;-1.44;-1.77;0.33;21.0;32.0;7.0;15.3;;221194;14.0;10.0
2022;;26;Drôme;84;AUVERGNE-RHÔNE-ALPES;;521894;80.0;6.95;2.13;4.82;24.0;29.0;8.5;14.4;;277777;13.0;9.0
2022;;41;Loir-et-Cher;24;CENTRE-VAL DE LOIRE;;326778;52.0;-1.36;-1.63;0.27;22.0;33.0;6.3;12.5;;185077;14.0;11.0
2022;;85;Vendée;52;PAYS DE LA LOIRE;;694684;102.0;8.26;-0.58;8.85;23.0;32.0;5.9;8.9;;430815;8.0;5.0
2022;;18;Cher;24;CENTRE-VAL DE LOIRE;;298669;41.0;-4.18;-3.2;-0.98;21.0;34.0;7.8;14.0;;179430;15.0;13.0
2022;;25;Doubs;27;BOURGOGNE-FRANCHE-COMTÉ;;546224;104.0;3.24;3.52;-0.28;24.0;26.0;7.3;12.2;;283778;15.0;9.0
2022;;76;Seine-Maritime;28;NORMANDIE;;1254203;200.0;0.23;2.41;-2.18;24.0;27.0;8.6;14.6;;649681;26.0;8.0
2022;;61;Orne;28;NORMANDIE;;275624;45.0;-5.25;-3.01;-2.24;22.0;34.0;7.2;15.0;;165100;16.0;11.0
2022;;64;Pyrénées-Atlantiques;75;NOUVELLE-AQUITAINE;;688474;90.0;4.85;-1.52;6.37;21.0;32.0;6.4;12.2;;413357;12.0;8.0
2022;;24;Dordogne;75;NOUVELLE-AQUITAINE;;412163;45.0;-0.72;-5.91;5.19;19.0;38.0;7.7;16.1;;261104;7.0;10.0
2022;;55;Meuse;44;GRAND EST;;180059;29.0;-6.97;-1.63;-5.34;22.0;31.0;7.5;14.2;;99834;12.0;12.0
2022;;60;Oise;32;HAUTS-DE-FRANCE;;831944;142.0;3.26;4.77;-1.51;26.0;24.0;7.9;12.8;;378048;20.0;7.0
2022;;71;Saône-et-Loire;27;BOURGOGNE-FRANCHE-COMTÉ;;547937;64.0;-1.45;-2.59;1.14;21.0;34.0;6.6;12.8;;311966;17.0;10.0
2022;;14;Calvados;28;NORMANDIE;;695207;125.0;1.45;0.6;0.85;23.0;29.0;7.1;11.9;;422082;19.0;7.0
2022;;27;Eure;28;NORMANDIE;;595697;99.0;1.29;2.67;-1.38;25.0;27.0;7.8;12.3;;298148;17.0;8.0
2022;;2A;Corse-du-Sud;94;CORSE;;161082;40.0;10.45;-1.1;11.54;20.0;31.0;6.5;16.3;;122005;9.0;3.0
2022;;54;Meurthe-et-Moselle;44;GRAND EST;;732085;139.0;-0.14;1.41;-1.55;23.0;26.0;7.5;14.6;;379680;16.0;9.0
2022;;7;Ardèche;84;AUVERGNE-RHÔNE-ALPES;;329841;59.0;3.96;-2.09;6.05;22.0;33.0;8.6;14.3;;206435;9.0;10.0
2022;;43;Haute-Loire;84;AUVERGNE-RHÔNE-ALPES;;227229;46.0;1.03;-2.47;3.51;22.0;32.0;6.1;11.9;;143916;8.0;12.0
2022;;6;Alpes-Maritimes;93;PROVENCE-ALPES-CÔTE D'AZUR;;1101039;253.0;1.83;0.06;1.77;21.0;31.0;8.6;16.2;;778291;11.0;8.0
2022;;70;Haute-Saône;27;BOURGOGNE-FRANCHE-COMTÉ;;233489;44.0;-2.59;-0.92;-1.67;22.0;31.0;6.8;13.0;;128450;11.0;11.0
2022;;58;Nièvre;27;BOURGOGNE-FRANCHE-COMTÉ;;201110;30.0;-7.89;-6.65;-1.24;19.0;38.0;6.5;15.5;;141411;13.0;14.0
2022;;38;Isère;84;AUVERGNE-RHÔNE-ALPES;;1280557;171.0;5.38;4.91;0.47;25.0;25.0;6.5;11.3;;659031;17.0;8.0
2022;;23;Creuse;75;NOUVELLE-AQUITAINE;;114609;21.0;-6.49;-9.86;3.37;18.0;40.0;7.1;18.3;;88646;10.0;16.0
2022;;65;Hautes-Pyrénées;76;OCCITANIE;;230579;51.0;0.59;-4.25;4.84;20.0;35.0;8.8;15.5;;163634;12.0;10.0
2022;;89;Yonne;27;BOURGOGNE-FRANCHE-COMTÉ;;332048;45.0;-3.04;-2.35;-0.69;22.0;32.0;7.1;14.3;;197718;14.0;12.0
2022;;974;La Réunion;4;LA RÉUNION;;866181;342.0;4.54;12.0;-7.47;29.0;19.0;18.0;35.6;;383878;23.35549863044494;9.0
2022;;67;Bas-Rhin;44;GRAND EST;;1150899;240.0;4.7;3.19;1.5;23.0;26.0;6.7;13.2;;567991;14.0;8.0
2022;;40;Landes;75;NOUVELLE-AQUITAINE;;419507;45.0;8.14;-2.23;10.37;21.0;33.0;7.6;11.4;;262370;7.0;7.0
2022;;56;Morbihan;53;BRETAGNE;;767088;111.0;5.5;-1.7;7.2;22.0;33.0;6.5;11.5;;472749;11.0;7.0
2022;;84;Vaucluse;93;PROVENCE-ALPES-CÔTE D'AZUR;;562533;157.0;2.91;2.53;0.38;24.0;29.0;10.1;19.5;;308505;14.0;10.0
2022;;34;Hérault;76;OCCITANIE;;1203899;194.0;13.36;2.38;10.98;23.0;28.0;10.9;18.7;;739737;12.0;7.0
2022;;53;Mayenne;52;PAYS DE LA LOIRE;;306224;59.0;-0.26;1.02;-1.29;24.0;29.0;5.2;11.0;;158083;12.0;9.0
2022;;972;Martinique;2;MARTINIQUE;;356029;319.0;-9.24;1.78;-11.02;21.0;31.0;12.9;26.7;;214788;20.485765955663076;16.0
2022;;95;Val-d'Oise;11;ÎLE-DE-FRANCE;;1267124;1006.0;7.35;11.23;-3.88;29.0;20.0;8.8;17.0;;517063;27.0;6.0
2022;;28;Eure-et-Loir;24;CENTRE-VAL DE LOIRE;;429083;73.0;-0.31;2.35;-2.66;25.0;28.0;7.0;11.8;;217440;18.0;9.0
2022;;68;Haut-Rhin;44;GRAND EST;;767736;217.0;1.95;2.17;-0.22;23.0;27.0;7.8;13.2;;382805;15.0;9.0
2022;;46;Lot;76;OCCITANIE;;174282;33.0;-0.27;-5.9;5.63;18.0;39.0;7.8;14.9;;119499;6.0;11.0
2022;;39;Jura;27;BOURGOGNE-FRANCHE-COMTÉ;;257906;52.0;-1.3;-1.16;-0.13;22.0;31.0;5.3;11.2;;150475;12.0;10.0
2022;;16;Charente;75;NOUVELLE-AQUITAINE;;350888;59.0;-0.52;-2.86;2.35;20.0;33.0;7.5;14.6;;198920;10.0;11.0
2022;;3;Allier;84;AUVERGNE-RHÔNE-ALPES;;333042;45.0;-2.83;-4.66;1.83;20.0;36.0;8.3;15.3;;208863;12.0;15.0
2022;;66;Pyrénées-Orientales;76;OCCITANIE;;483558;116.0;6.86;-2.32;9.18;21.0;34.0;12.3;20.7;;355661;11.0;8.0
2022;;42;Loire;84;AUVERGNE-RHÔNE-ALPES;;766473;160.0;2.33;1.55;0.77;24.0;29.0;7.6;15.0;;401112;17.0;10.0
2022;;10;Aube;44;GRAND EST;;310804;52.0;2.24;0.48;1.76;24.0;28.0;10.0;16.2;;166101;22.0;10.0
2022;;94;Val-de-Marne;11;ÎLE-DE-FRANCE;;1425072;5762.0;6.85;9.81;-2.96;26.0;21.0;7.7;16.6;;647289;30.0;6.0
2022;;29;Finistère;53;BRETAGNE;;919983;136.0;2.24;-1.9;4.14;22.0;31.0;6.6;11.0;;549039;11.0;7.0
2022;;30;Gard;76;OCCITANIE;;751840;128.0;4.66;0.91;3.76;23.0;31.0;10.6;19.4;;431684;12.0;8.0
2022;;86;Vienne;75;NOUVELLE-AQUITAINE;;439635;63.0;2.61;0.27;2.34;23.0;29.0;6.3;14.0;;242907;13.0;10.0
2022;;971;Guadeloupe;1;GUADELOUPE;;377856;233.0;-6.62;3.9;-10.52;24.0;28.0;17.2;;;231840;21.45048203330412;15.0
2022;;47;Lot-et-Garonne;75;NOUVELLE-AQUITAINE;;329848;62.0;-0.31;-2.7;2.39;21.0;34.0;7.9;16.8;;187058;7.0;12.0
2022;;69;Rhône;84;AUVERGNE-RHÔNE-ALPES;;1899599;579.0;8.91;7.98;0.93;25.0;22.0;7.1;14.1;;937544;21.0;7.0
2022;;9;Ariège;76;OCCITANIE;;153197;31.0;0.6;-3.96;4.56;20.0;35.0;9.8;17.9;;110526;5.0;10.0
2022;;50;Manche;28;NORMANDIE;;492667;83.0;-1.37;-2.16;0.78;21.0;33.0;5.6;11.4;;299656;17.0;8.0
2022;;92;Hauts-de-Seine;11;ÎLE-DE-FRANCE;;1636156;9255.0;3.45;9.25;-5.8;25.0;21.0;6.6;11.9;;807711;28.0;6.0
;;;;;;;;;;;;;;;;;;;
;;;;;;;;;;;;;;;;;;;
;;;;;;;;;;;;;;;;;;;
;;;;;;;;;;;;;;;;;;;
;;;;;;;;;;;;;;;;;;;
;;;;;;;;;;;;;;;;;;;
;;;;;;;;;;;;;;;;;;;
;;;;;;;;;;;;;;;;;;;
;;;;;;;;;;;;;;;;;;;
;;;;;;;;;;;;;;;;;;;
2023;;5;Hautes-Alpes;93;PROVENCE-ALPES-CÔTE D'AZUR;;140230;25.0;1.17;-0.8099999999999999;1.9900000000000002;20.788704271553875;33.46430863581259;6.7;13.9;;138751;12.0;6.0
2023;;61;Orne;28;NORMANDIE;;276600;45.0;-4.91;-3.01;-1.91;21.685827910339842;34.180766449746926;6.4;15.0;;164988;16.0;11.0
2023;;28;Eure-et-Loir;24;CENTRE-VAL DE LOIRE;;430512;73.0;0.02;2.35;-2.33;25.026015534990893;27.4082952391571;6.6000000000000005;11.8;;218433;18.0;9.0
2023;;36;Indre;24;CENTRE-VAL DE LOIRE;;217378;32.0;-5.56;-5.64;0.08;19.74670849856011;36.441130197168064;7.000000000000001;14.6;;138959;16.0;13.0
2023;;15;Cantal;84;AUVERGNE-RHÔNE-ALPES;;144123;25.0;-2.34;-6.950000000000001;4.61;18.98309083213644;36.56113181102253;4.1000000000000005;13.2;;102234;9.0;12.0
2023;;77;Seine-et-Marne;11;ÎLE-DE-FRANCE;;1436079;243.0;7.3;8.07;-0.77;27.173226542550932;20.97530846144258;6.6000000000000005;11.7;;634163;19.0;7.000000000000001
2023;;2;Aisne;32;HAUTS-DE-FRANCE;;526983;72.0;-2.65;0.5499999999999999;-3.19;24.507242169102227;28.10735830188071;10.299999999999999;18.0;;267555;18.0;10.0
2023;;6;Alpes-Maritimes;93;PROVENCE-ALPES-CÔTE D'AZUR;;1102251;256.0;1.94;0.06;1.8800000000000001;21.03958172866253;31.31392033212036;7.199999999999999;16.2;;783398;12.0;8.0
2023;;26;Drôme;84;AUVERGNE-RHÔNE-ALPES;;519421;80.0;6.4399999999999995;2.13;4.31;23.75471919695199;29.163241378380928;7.7;14.4;;279948;13.0;9.0
2023;;42;Loire;84;AUVERGNE-RHÔNE-ALPES;;769112;161.0;2.68;1.55;1.13;24.172682262141272;28.962101748509973;7.1;15.0;;403254;17.0;10.0
2023;;66;Pyrénées-Orientales;76;OCCITANIE;;485651;118.0;7.32;-2.32;9.64;21.535423586073126;33.49154022127001;11.700000000000001;20.7;;359151;11.0;8.0
2023;;35;Ille-et-Vilaine;53;BRETAGNE;;1099074;162.0;10.299999999999999;4.22;6.08;24.907149109159164;24.15897382705805;5.4;10.7;;546440;16.0;7.000000000000001
2023;;37;Indre-et-Loire;24;CENTRE-VAL DE LOIRE;;614119;100.0;3.44;1.43;2.01;23.030227040687553;28.501479354978432;6.3;12.4;;330454;18.0;9.0
2023;;87;Haute-Vienne;75;NOUVELLE-AQUITAINE;;371487;67.0;-1.22;-1.77;0.5599999999999999;21.00558027602581;32.24608128952022;6.3;15.3;;221779;14.000000000000002;10.0
2023;;55;Meuse;44;GRAND EST;;181165;29.0;-6.4;-1.63;-4.77;22.146109899815087;31.188143405183123;7.3;14.2;;100007;12.0;12.0
2023;;68;Haut-Rhin;44;GRAND EST;;767636;218.0;1.94;2.17;-0.24;22.95775601978021;27.238039904329657;6.800000000000001;13.2;;386082;15.0;9.0
2023;;69;Rhône;84;AUVERGNE-RHÔNE-ALPES;;1895426;583.0;8.67;7.9799999999999995;0.69;25.152076630794344;22.352442142294134;6.2;14.1;;949531;21.0;7.000000000000001
2023;;14;Calvados;28;NORMANDIE;;698670;126.0;1.96;0.6;1.3599999999999999;23.28882018692659;29.00582535388667;6.3;11.9;;426069;19.0;7.000000000000001
2023;;71;Saône-et-Loire;27;BOURGOGNE-FRANCHE-COMTÉ;;549467;64.0;-1.17;-2.59;1.41;21.480634869792;33.69101329106206;6.4;12.8;;312880;17.0;10.0
2023;;57;Moselle;44;GRAND EST;;1049612;169.0;0.43;0.76;-0.33999999999999997;22.222116362998896;27.496732125776003;7.000000000000001;15.3;;527832;17.0;9.0
2023;;75;Paris;11;ÎLE-DE-FRANCE;;2131104;20296.0;-5.28;6.75;-12.04;18.725646425514665;22.82314706368155;5.6000000000000005;15.4;;1393800;21.0;9.0
2023;;50;Manche;28;NORMANDIE;;494474;83.0;-1.01;-2.16;1.1400000000000001;21.642593948316797;32.805971598102225;5.1;11.4;;301071;16.0;8.0
2023;;84;Vaucluse;93;PROVENCE-ALPES-CÔTE D'AZUR;;562700;158.0;2.94;2.53;0.41000000000000003;23.432379598365024;29.403945263906166;9.5;19.5;;311098;14.000000000000002;10.0
2023;;45;Loiret;24;CENTRE-VAL DE LOIRE;;683940;101.0;3.6900000000000004;3.35;0.33999999999999997;25.019153726935112;26.843290347106468;6.9;13.2;;351028;17.0;9.0
2023;;2A;Corse-du-Sud;94;CORSE;;161872;40.0;10.99;-1.0999999999999999;12.08;20.20608876149056;31.212933675990907;5.800000000000001;16.3;;123650;9.0;3.0
2023;;79;Deux-Sèvres;75;NOUVELLE-AQUITAINE;;374428;62.0;0.9400000000000001;-1.23;2.17;22.811595286677278;30.874026515111048;5.1;11.9;;196421;9.0;9.0
2023;;4;Alpes-de-Haute-Provence;93;PROVENCE-ALPES-CÔTE D'AZUR;;165830;24.0;3.0300000000000002;-2.7199999999999998;5.74;20.73689923415546;34.420792377736234;8.1;16.6;;130500;10.0;8.0
2023;;73;Savoie;84;AUVERGNE-RHÔNE-ALPES;;441899;73.0;5.48;2.2399999999999998;3.2300000000000004;23.090796765776794;27.50153315576636;5.2;10.3;;355575;17.0;6.0
2023;;19;Corrèze;75;NOUVELLE-AQUITAINE;;238576;41.0;-1.6;-5.37;3.7699999999999996;19.69602977667494;35.66662195694454;5.8999999999999995;13.1;;155575;9.0;11.0
2023;;16;Charente;75;NOUVELLE-AQUITAINE;;351576;59.0;-0.32;-2.86;2.54;20.768198056750176;33.35295924636494;6.7;14.6;;199746;10.0;11.0
2023;;67;Bas-Rhin;44;GRAND EST;;1154712;243.0;5.04;3.19;1.8499999999999999;22.64530029998822;25.610888256119274;6.1;13.2;;575001;14.000000000000002;8.0
2023;;973;Guyane;3;GUYANE;;290714;3.0;22.38;29.57;-7.19;41.38465983750352;9.864677999683538;10.9;;;88986;26.0;10.0
2023;;64;Pyrénées-Atlantiques;75;NOUVELLE-AQUITAINE;;690920;90.0;5.2299999999999995;-1.52;6.74;20.92601169455219;31.631447924506457;5.6000000000000005;12.2;;417293;12.0;8.0
2023;;81;Tarn;76;OCCITANIE;;392328;68.0;3.88;-2.09;5.970000000000001;21.654839827899107;33.023898370751006;7.7;15.3;;215987;9.0;9.0
2023;;29;Finistère;53;BRETAGNE;;920279;137.0;2.27;-1.9;4.17;21.91694040611597;31.186520609510808;6.1;11.0;;542677;12.0;7.000000000000001
2023;;89;Yonne;27;BOURGOGNE-FRANCHE-COMTÉ;;332620;45.0;-2.87;-2.35;-0.52;22.454452528410798;32.142985990018644;6.7;14.3;;197870;14.000000000000002;12.0
2023;;78;Yvelines;11;ÎLE-DE-FRANCE;;1452852;636.0;2.77;7.68;-4.91;26.600713630844712;22.513511355595753;6.3;9.7;;654741;22.0;6.0
2023;;62;Pas-de-Calais;32;HAUTS-DE-FRANCE;;1459338;219.0;-0.24;1.8399999999999999;-2.08;25.206703313420192;26.187010822715507;8.1;17.8;;724156;26.0;7.000000000000001
2023;;3;Allier;84;AUVERGNE-RHÔNE-ALPES;;334381;46.0;-2.44;-4.66;2.22;20.204497265095803;35.69311653473134;7.3999999999999995;15.3;;209251;12.0;15.0
2023;;1;Ain;84;AUVERGNE-RHÔNE-ALPES;;662032;115.0;9.64;4.0;5.64;25.719451627715884;24.349729318220266;5.4;10.5;;325431;17.0;8.0
2023;;82;Tarn-et-Garonne;76;OCCITANIE;;263504;71.0;7.75;0.52;7.23;24.050488797134008;29.231055316048334;8.6;16.3;;134694;8.0;10.0
2023;;53;Mayenne;52;PAYS DE LA LOIRE;;306043;59.0;-0.32;1.02;-1.35;24.60961368173753;29.055720928104872;4.9;11.0;;158874;12.0;9.0
2023;;58;Nièvre;27;BOURGOGNE-FRANCHE-COMTÉ;;201017;29.0;-7.93;-6.65;-1.28;19.206335782545754;38.36192958804479;6.7;15.5;;141219;13.0;14.000000000000002
2023;;972;Martinique;2;MARTINIQUE;;357191;317.0;-8.95;1.78;-10.73;21.528817915345012;30.64550898538877;10.2;26.7;;212577;21.0;15.0
2023;;70;Haute-Saône;27;BOURGOGNE-FRANCHE-COMTÉ;;233493;44.0;-2.59;-0.9199999999999999;-1.67;22.796400748630578;30.73539677849015;6.3;13.0;;128855;11.0;11.0
2023;;65;Hautes-Pyrénées;76;OCCITANIE;;230143;52.0;0.4;-4.25;4.65;19.84244578370839;34.915682858049124;7.7;15.5;;164545;11.0;10.0
2023;;52;Haute-Marne;44;GRAND EST;;170280;27.0;-6.63;-2.83;-3.8;20.848015034061547;33.21940333568241;6.4;15.0;;100520;19.0;12.0
2023;;88;Vosges;44;GRAND EST;;359915;61.0;-4.99;-2.6100000000000003;-2.39;21.46034480363419;32.45321812094522;7.3999999999999995;14.9;;214812;14.000000000000002;11.0
2023;;971;Guadeloupe;1;GUADELOUPE;;381606;234.0;-5.6899999999999995;3.9;-9.59;24.015345670665557;28.40599990566186;19.3;;;227525;22.0;15.0
2023;;2B;Haute-Corse;94;CORSE;;184485;40.0;9.4;-0.77;10.17;19.672602108572512;30.524432880722006;6.4;20.1;;135125;11.0;3.0
2023;;85;Vendée;52;PAYS DE LA LOIRE;;698570;104.0;8.870000000000001;-0.58;9.45;22.702950312781827;32.5295961750433;5.1;8.9;;435953;8.0;5.0
2023;;18;Cher;24;CENTRE-VAL DE LOIRE;;299546;41.0;-3.9;-3.2;-0.7000000000000001;21.072222630247104;33.86291254097868;7.3999999999999995;14.0;;179389;15.0;13.0
2023;;93;Seine-Saint-Denis;11;ÎLE-DE-FRANCE;;1664856;7054.0;8.82;13.99;-5.18;28.968931847559187;17.338856934173286;10.0;27.6;;696152;37.0;6.0
2023;;54;Meurthe-et-Moselle;44;GRAND EST;;731390;139.0;-0.24;1.41;-1.6500000000000001;23.112703208958287;26.337795157166493;6.800000000000001;14.6;;381849;16.0;9.0
2023;;43;Haute-Loire;84;AUVERGNE-RHÔNE-ALPES;;227111;46.0;0.98;-2.4699999999999998;3.45;22.12618499324119;32.26527997322895;5.5;11.9;;144442;8.0;12.0
2023;;95;Val-d'Oise;11;ÎLE-DE-FRANCE;;1258517;1010.0;6.619999999999999;11.23;-4.61;28.404542807129346;19.68443811247683;7.9;17.0;;523106;27.0;6.0
2023;;74;Haute-Savoie;84;AUVERGNE-RHÔNE-ALPES;;843675;192.0;12.94;6.279999999999999;6.660000000000001;24.607816991139952;22.922333837081815;5.3;9.4;;533337;14.000000000000002;7.000000000000001
2023;;33;Gironde;75;NOUVELLE-AQUITAINE;;1655325;154.0;13.089999999999998;2.9499999999999997;10.14;22.875930708471145;25.62451482337305;6.4;12.4;;900198;15.0;6.0
2023;;92;Hauts-de-Seine;11;ÎLE-DE-FRANCE;;1631170;9268.0;3.1300000000000003;9.25;-6.12;24.50817511356879;20.67963486331897;5.800000000000001;11.9;;815765;28.000000000000004;7.000000000000001
2023;;13;Bouches-du-Rhône;93;PROVENCE-ALPES-CÔTE D'AZUR;;2055002;404.0;4.0;4.24;-0.24;23.359831279969555;27.08518045237912;8.6;17.9;;1055315;18.0;8.0
2023;;9;Ariège;76;OCCITANIE;;154222;32.0;1.27;-3.9600000000000004;5.2299999999999995;20.456225441247035;34.4950785231679;9.3;17.9;;110875;5.0;9.0
2023;;974;La Réunion;4;LA RÉUNION;;866669;346.0;4.6;12.0;-7.41;29.49926673274341;19.25994814629345;17.1;35.6;;369895;25.0;9.0
2023;;11;Aude;76;OCCITANIE;;376885;61.0;4.7;-2.7;7.3999999999999995;21.08361967178317;34.019661169852874;9.9;20.0;;266877;10.0;8.0
2023;;80;Somme;32;HAUTS-DE-FRANCE;;566872;92.0;-0.76;0.74;-1.5;23.908042732750957;27.0611354944326;8.6;15.7;;305380;17.0;8.0
2023;;25;Doubs;27;BOURGOGNE-FRANCHE-COMTÉ;;546630;104.0;3.3099999999999996;3.52;-0.21;24.489142564440296;26.015037593984964;6.3;12.2;;285770;15.0;9.0
2023;;51;Marne;44;GRAND EST;;565685;69.0;-0.16;2.4299999999999997;-2.58;23.87459451815056;26.361314158940047;7.000000000000001;14.2;;299421;28.000000000000004;9.0
2023;;72;Sarthe;52;PAYS DE LA LOIRE;;567068;91.0;0.24;0.98;-0.74;24.00558663158563;29.255045250305077;6.800000000000001;12.9;;294778;16.0;9.0
2023;;27;Eure;28;NORMANDIE;;598404;99.0;1.7500000000000002;2.67;-0.9199999999999999;25.362965488198608;26.516199758023006;6.7;12.3;;299419;16.0;8.0
2023;;56;Morbihan;53;BRETAGNE;;768617;113.0;5.71;-1.7000000000000002;7.41;21.991707183161445;32.74387633893083;5.6000000000000005;11.5;;464186;11.0;7.000000000000001
2023;;30;Gard;76;OCCITANIE;;753509;129.0;4.89;0.91;3.9899999999999998;22.654938428074516;30.8921326752567;9.8;19.4;;435785;12.0;9.0
2023;;31;Haute-Garonne;76;OCCITANIE;;1434268;227.0;13.81;5.86;7.95;23.55229287692398;22.44190067686095;7.199999999999999;13.3;;754396;15.0;7.000000000000001
2023;;63;Puy-de-Dôme;84;AUVERGNE-RHÔNE-ALPES;;664189;83.0;4.52;0.32;4.2;22.424942298050706;28.702824045565343;6.2;13.2;;394760;14.000000000000002;10.0
2023;;22;Côtes-d'Armor;53;BRETAGNE;;605211;88.0;1.82;-3.2399999999999998;5.07;22.112783805978413;33.9172619136136;6.2;12.1;;366683;9.0;9.0
2023;;21;Côte-d'Or;27;BOURGOGNE-FRANCHE-COMTÉ;;535275;61.0;1.78;1.22;0.5599999999999999;22.500770631918172;27.99252720564196;5.6000000000000005;11.5;;294776;15.0;9.0
2023;;24;Dordogne;75;NOUVELLE-AQUITAINE;;412686;46.0;-0.6;-5.91;5.319999999999999;18.787165060118348;37.84039196871229;7.1;16.1;;262321;7.000000000000001;10.0
2023;;40;Landes;75;NOUVELLE-AQUITAINE;;421672;46.0;8.7;-2.23;10.93;20.770646379176235;33.293887191940655;6.800000000000001;11.4;;265930;8.0;7.000000000000001
2023;;94;Val-de-Marne;11;ÎLE-DE-FRANCE;;1413781;5771.0;6.0;9.81;-3.81;25.394951551902313;20.747555668098524;7.000000000000001;16.6;;654340;30.0;6.0
2023;;32;Gers;76;OCCITANIE;;192159;31.0;1.73;-5.01;6.74;20.016756956478748;36.100312761827446;0.0;15.0;;112134;7.000000000000001;10.0
2023;;59;Nord;32;HAUTS-DE-FRANCE;;2607335;454.0;1.09;4.55;-3.46;25.89582849921472;23.536216098046474;9.2;18.4;;1241241;25.0;8.0
2023;;23;Creuse;75;NOUVELLE-AQUITAINE;;115050;21.0;-6.13;-9.86;3.73;18.050412863972188;39.510647544545854;6.800000000000001;18.3;;88769;10.0;16.0
2023;;86;Vienne;75;NOUVELLE-AQUITAINE;;440161;63.0;2.73;0.27;2.4699999999999998;23.060425616990145;28.943727408834498;5.800000000000001;14.0;;243821;13.0;9.0
2023;;46;Lot;76;OCCITANIE;;174907;34.0;0.09;-5.8999999999999995;5.9799999999999995;18.78255301388738;38.693705797938335;7.3;14.9;;120123;6.0;11.0
2023;;12;Aveyron;76;OCCITANIE;;279571;32.0;1.3599999999999999;-4.34;5.7;20.015309170121366;35.44359035808435;5.6000000000000005;14.0;;183702;7.000000000000001;11.0
2023;;34;Hérault;76;OCCITANIE;;1203908;197.0;13.36;2.3800000000000003;10.979999999999999;22.702814500775805;28.07166328324091;9.9;18.7;;750002;13.0;7.000000000000001
2023;;44;Loire-Atlantique;52;PAYS DE LA LOIRE;;1462506;215.0;12.82;4.43;8.39;24.86759028680908;24.59367688064186;5.5;10.0;;776207;15.0;6.0
2023;;10;Aube;44;GRAND EST;;311831;52.0;2.58;0.48;2.1;24.45587513749435;28.298661775128192;9.4;16.2;;166928;23.0;9.0
2023;;48;Lozère;76;OCCITANIE;;76593;15.0;-0.73;-5.01;4.279999999999999;20.798245270455524;33.19885629235048;4.6;14.9;;61734;8.0;10.0
2023;;39;Jura;27;BOURGOGNE-FRANCHE-COMTÉ;;257991;52.0;-1.26;-1.16;-0.1;22.257753177436424;31.270083064913116;5.2;11.2;;151009;12.0;10.0
2023;;90;Territoire de Belfort;27;BOURGOGNE-FRANCHE-COMTÉ;;138976;228.0;-3.05;1.92;-4.97;23.737192033156802;27.09244761685471;8.1;14.8;;73384;22.0;11.0
2023;;60;Oise;32;HAUTS-DE-FRANCE;;830560;142.0;3.09;4.77;-1.68;26.282146985166634;23.660301483336543;7.199999999999999;12.8;;380003;20.0;7.000000000000001
2023;;38;Isère;84;AUVERGNE-RHÔNE-ALPES;;1282526;173.0;5.54;4.91;0.63;25.194654923175047;24.85056833155819;5.7;11.3;;665362;17.0;8.0
2023;;41;Loir-et-Cher;24;CENTRE-VAL DE LOIRE;;328271;52.0;-0.91;-1.63;0.72;22.39978554304218;32.479567186866944;5.8999999999999995;12.5;;185591;14.000000000000002;11.0
2023;;49;Maine-et-Loire;52;PAYS DE LA LOIRE;;823052;115.0;4.14;3.26;0.88;25.0321972366266;26.93268469063923;6.3;11.1;;403157;18.0;7.000000000000001
2023;;47;Lot-et-Garonne;75;NOUVELLE-AQUITAINE;;329989;62.0;-0.27;-2.7;2.44;21.291618811536143;34.233868401673995;7.3;16.8;;188120;7.000000000000001;12.0
2023;;17;Charente-Maritime;75;NOUVELLE-AQUITAINE;;659379;96.0;5.390000000000001;-3.91;9.3;19.946040137765987;35.915308191495335;6.7;12.4;;445578;10.0;7.000000000000001
2023;;8;Ardennes;44;GRAND EST;;268216;51.0;-5.26;-0.65;-4.61;23.27452500969368;29.431875801592746;9.2;18.3;;143402;20.0;12.0
2023;;91;Essonne;11;ÎLE-DE-FRANCE;;1308892;726.0;6.83;9.5;-2.67;26.98687133850616;21.118014320509253;6.3;13.2;;577712;24.0;7.000000000000001
2023;;83;Var;93;PROVENCE-ALPES-CÔTE D'AZUR;;1094127;183.0;8.04;-1.04;9.08;20.49816885973932;33.72432999094255;7.199999999999999;15.3;;735547;11.0;6.0
2023;;7;Ardèche;84;AUVERGNE-RHÔNE-ALPES;;330012;60.0;4.01;-2.09;6.1;21.69133243639625;33.04273783983613;7.9;14.3;;207922;9.0;10.0
2023;;76;Seine-Maritime;28;NORMANDIE;;1254334;200.0;0.24;2.41;-2.17;24.139184619088695;27.109525851966065;7.5;14.6;;653680;26.0;8.0
